PROCESSID,STEPSEQ,stepdesc,ppid
DUMM,DUMMY01,Dummy Description (DMM) 01,RECIPEGOESHERE1
DUMM,DUMMY02,Dummy Description (DMM) 02,RECIPEGOESHERE2
DUMM,DUMMY03,Dummy Description (DMM) 03,RECIPEGOESHERE3
DUMM,DUMMY04,Dummy Description (DMM) 04,SCANPPID
DUMM,DUMMY05,Dummy Description (DMM) 05,RECIPEGOESHERE5
DUMM,DUMMY06,Dummy Description (DMM) 06,RECIPEGOESHERE6
DUMM,DUMMY07,Dummy Description (DMM) 07,RECIPEGOESHERE7
DUMM,DUMMY08,Dummy Description (DMM) 08,SCANPPID
DUMM,DUMMY09,Dummy Description (DMM) 09,RECIPEGOESHERE9
DUMM,DUMMY10,Dummy Description (DMM) 10,RECIPEGOESHERE10
DUMM,DUMMY11,Dummy Description (DMM) 11,SCANPPID
DUMM,DUMMY12,Dummy Description (DMM) 12,RECIPEGOESHERE12
DUMM,DUMMY13,Dummy Description (DMM) 13,RECIPEGOESHERE13
DUMM,DUMMY14,Dummy Description (DMM) 14,RECIPEGOESHERE14
DUMM,DUMMY15,Dummy Description (DMM) 15,SCANPPID
DUMM,DUMMY16,Dummy Description (DMM) 16,SCANPPID
DUMM,DUMMY17,Dummy Description (DMM) 17,RECIPEGOESHERE17
DUMM,DUMMY18,Dummy Description (DMM) 18,SCANPPID
DUMM,DUMMY19,Dummy Description (DMM) 19,RECIPEGOESHERE19
DUMM,DUMMY20,Dummy Description (DMM) 20,RECIPEGOESHERE20
DUMM,DUMMY21,Dummy Description (DMM) 21,RECIPEGOESHERE21
DUMM,DUMMY22,Dummy Description (DMM) 22,RECIPEGOESHERE22
DUMM,DUMMY23,Dummy Description (DMM) 23,RECIPEGOESHERE23
DUMM,DUMMY24,Dummy Description (DMM) 24,RECIPEGOESHERE24
DUMM,DUMMY25,Dummy Description (DMM) 25,RECIPEGOESHERE25
DUMM,DUMMY26,Dummy Description (DMM) 26,RECIPEGOESHERE26
DUMM,DUMMY27,Dummy Description (DMM) 27,RECIPEGOESHERE27
DUMM,DUMMY28,Dummy Description (DMM) 28,RECIPEGOESHERE28
DUMM,DUMMY29,Dummy Description (DMM) 29,RECIPEGOESHERE29
DUMM,DUMMY30,Dummy Description (DMM) 30,RECIPEGOESHERE30
DUMM,DUMMY31,Dummy Description (DMM) 31,RECIPEGOESHERE31
DUMM,DUMMY32,Dummy Description (DMM) 32,RECIPEGOESHERE32
DUMM,DUMMY33,Dummy Description (DMM) 33,RECIPEGOESHERE33
DUMM,DUMMY34,Dummy Description (DMM) 34,RECIPEGOESHERE34
DUMM,DUMMY35,Dummy Description (DMM) 35,RECIPEGOESHERE35
UMMY,DUMMY36,Dummy Description (DMM) 36,RECIPEGOESHERE36
UMMY,DUMMY37,Dummy Description (DMM) 37,RECIPEGOESHERE37
UMMY,DUMMY38,Dummy Description (DMM) 38,RECIPEGOESHERE38
UMMY,DUMMY39,Dummy Description (DMM) 39,RECIPEGOESHERE39
UMMY,DUMMY40,Dummy Description (DMM) 40,RECIPEGOESHERE40
UMMY,DUMMY41,Dummy Description (DMM) 41,RECIPEGOESHERE41
UMMY,DUMMY42,Dummy Description (DMM) 42,RECIPEGOESHERE42
UMMY,DUMMY43,Dummy Description (DMM) 43,RECIPEGOESHERE43
UMMY,DUMMY44,Dummy Description (DMM) 44,RECIPEGOESHERE44
UMMY,DUMMY45,Dummy Description (DMM) 45,RECIPEGOESHERE45
UMMY,DUMMY46,Dummy Description (DMM) 46,RECIPEGOESHERE46
UMMY,DUMMY47,Dummy Description (DMM) 47,RECIPEGOESHERE47
UMMY,DUMMY48,Dummy Description (DMM) 48,RECIPEGOESHERE48
UMMY,DUMMY49,Dummy Description (DMM) 49,RECIPEGOESHERE49
UMMY,DUMMY50,Dummy Description (DMM) 50,RECIPEGOESHERE50
UMMY,DUMMY51,Dummy Description (DMM) 51,RECIPEGOESHERE51
UMMY,DUMMY52,Dummy Description (DMM) 52,RECIPEGOESHERE52
UMMY,DUMMY53,Dummy Description (DMM) 53,RECIPEGOESHERE53
UMMY,DUMMY54,Dummy Description (DMM) 54,RECIPEGOESHERE54
UMMY,DUMMY55,Dummy Description (DMM) 55,RECIPEGOESHERE55
UMMY,DUMMY56,Dummy Description (DMM) 56,RECIPEGOESHERE56
UMMY,DUMMY57,Dummy Description (DMM) 57,RECIPEGOESHERE57
UMMY,DUMMY58,Dummy Description (DMM) 58,RECIPEGOESHERE58
UMMY,DUMMY59,Dummy Description (DMM) 59,RECIPEGOESHERE59
UMMY,DUMMY60,Dummy Description (DMM) 60,RECIPEGOESHERE60
UMMY,DUMMY61,Dummy Description (DMM) 61,RECIPEGOESHERE61
UMMY,DUMMY62,Dummy Description (DMM) 62,RECIPEGOESHERE62
UMMY,DUMMY63,Dummy Description (DMM) 63,RECIPEGOESHERE63
UMMY,DUMMY64,Dummy Description (DMM) 64,RECIPEGOESHERE64
UMMY,DUMMY65,Dummy Description (DMM) 65,RECIPEGOESHERE65
UMMY,DUMMY66,Dummy Description (DMM) 66,RECIPEGOESHERE66
UMMY,DUMMY67,Dummy Description (DMM) 67,RECIPEGOESHERE67
UMMY,DUMMY68,Dummy Description (DMM) 68,RECIPEGOESHERE68
UMMY,DUMMY69,Dummy Description (DMM) 69,RECIPEGOESHERE69
UMMY,DUMMY70,Dummy Description (DMM) 70,RECIPEGOESHERE70
UMMY,DUMMY71,Dummy Description (DMM) 71,RECIPEGOESHERE71
UMMY,DUMMY72,Dummy Description (DMM) 72,RECIPEGOESHERE72
UMMY,DUMMY73,Dummy Description (DMM) 73,RECIPEGOESHERE73
UMMY,DUMMY74,Dummy Description (DMM) 74,RECIPEGOESHERE74
UMMY,DUMMY75,Dummy Description (DMM) 75,RECIPEGOESHERE75
UMMY,DUMMY76,Dummy Description (DMM) 76,RECIPEGOESHERE76
UMMY,DUMMY77,Dummy Description (DMM) 77,RECIPEGOESHERE77
MYDU,DUMMY78,Dummy Description (DMM) 78,RECIPEGOESHERE78
MYDU,DUMMY79,Dummy Description (DMM) 79,RECIPEGOESHERE79
MYDU,DUMMY80,Dummy Description (DMM) 80,RECIPEGOESHERE80
MYDU,DUMMY81,Dummy Description (DMM) 81,RECIPEGOESHERE81
MYDU,DUMMY82,Dummy Description (DMM) 82,RECIPEGOESHERE82
MYDU,DUMMY83,Dummy Description (DMM) 83,RECIPEGOESHERE83
MYDU,DUMMY84,Dummy Description (DMM) 84,RECIPEGOESHERE84
MYDU,DUMMY85,Dummy Description (DMM) 85,RECIPEGOESHERE85
MYDU,DUMMY86,Dummy Description (DMM) 86,RECIPEGOESHERE86
MYDU,DUMMY87,Dummy Description (DMM) 87,RECIPEGOESHERE87
MYDU,DUMMY88,Dummy Description (DMM) 88,RECIPEGOESHERE88
MYDU,DUMMY89,Dummy Description (DMM) 89,RECIPEGOESHERE89
MYDU,DUMMY90,Dummy Description (DMM) 90,RECIPEGOESHERE90
MYDU,DUMMY91,Dummy Description (DMM) 91,RECIPEGOESHERE91
MYDU,DUMMY92,Dummy Description (DMM) 92,RECIPEGOESHERE92
MYDU,DUMMY93,Dummy Description (DMM) 93,RECIPEGOESHERE93
MYDU,DUMMY94,Dummy Description (DMM) 94,RECIPEGOESHERE94
MYDU,DUMMY95,Dummy Description (DMM) 95,RECIPEGOESHERE95
MYDU,DUMMY96,Dummy Description (DMM) 96,RECIPEGOESHERE96
MYDU,DUMMY97,Dummy Description (DMM) 97,RECIPEGOESHERE97
MYDU,DUMMY98,Dummy Description (DMM) 98,RECIPEGOESHERE98
MYDU,DUMMY99,Dummy Description (DMM) 99,RECIPEGOESHERE99
MYDU,DUMMY100,Dummy Description (DMM) 100,RECIPEGOESHERE100
MYDU,DUMMY101,Dummy Description (DMM) 101,RECIPEGOESHERE101
MYDU,DUMMY102,Dummy Description (DMM) 102,RECIPEGOESHERE102
MYDU,DUMMY103,Dummy Description (DMM) 103,RECIPEGOESHERE103
MYDU,DUMMY104,Dummy Description (DMM) 104,RECIPEGOESHERE104
MYDU,DUMMY105,Dummy Description (DMM) 105,RECIPEGOESHERE105
MYDU,DUMMY106,Dummy Description (DMM) 106,RECIPEGOESHERE106
MYDU,DUMMY107,Dummy Description (DMM) 107,RECIPEGOESHERE107
MYDU,DUMMY108,Dummy Description (DMM) 108,RECIPEGOESHERE108
MYDU,DUMMY109,Dummy Description (DMM) 109,RECIPEGOESHERE109
MYDU,DUMMY110,Dummy Description (DMM) 110,RECIPEGOESHERE110
MYDU,DUMMY111,Dummy Description (DMM) 111,RECIPEGOESHERE111
MYDU,DUMMY112,Dummy Description (DMM) 112,RECIPEGOESHERE112
MYDU,DUMMY113,Dummy Description (DMM) 113,RECIPEGOESHERE113
MYDU,DUMMY114,Dummy Description (DMM) 114,RECIPEGOESHERE114
MYDU,DUMMY115,Dummy Description (DMM) 115,RECIPEGOESHERE115
MYDU,DUMMY116,Dummy Description (DMM) 116,RECIPEGOESHERE116
MYDU,DUMMY117,Dummy Description (DMM) 117,RECIPEGOESHERE117
MYDU,DUMMY118,Dummy Description (DMM) 118,RECIPEGOESHERE118
MYDU,DUMMY119,Dummy Description (DMM) 119,RECIPEGOESHERE119
MYDU,DUMMY120,Dummy Description (DMM) 120,RECIPEGOESHERE120
MYDU,DUMMY121,Dummy Description (DMM) 121,RECIPEGOESHERE121
MYDU,DUMMY122,Dummy Description (DMM) 122,RECIPEGOESHERE122
MYDU,DUMMY123,Dummy Description (DMM) 123,RECIPEGOESHERE123
MYDU,DUMMY124,Dummy Description (DMM) 124,RECIPEGOESHERE124
MYDU,DUMMY125,Dummy Description (DMM) 125,RECIPEGOESHERE125
MYDU,DUMMY126,Dummy Description (DMM) 126,RECIPEGOESHERE126
MYDU,DUMMY127,Dummy Description (DMM) 127,RECIPEGOESHERE127
MYDU,DUMMY128,Dummy Description (DMM) 128,RECIPEGOESHERE128
MYDU,DUMMY129,Dummy Description (DMM) 129,RECIPEGOESHERE129
MYDU,DUMMY130,Dummy Description (DMM) 130,RECIPEGOESHERE130
MYDU,DUMMY131,Dummy Description (DMM) 131,RECIPEGOESHERE131
MYDU,DUMMY132,Dummy Description (DMM) 132,RECIPEGOESHERE132
MYDU,DUMMY133,Dummy Description (DMM) 133,RECIPEGOESHERE133
MYDU,DUMMY134,Dummy Description (DMM) 134,RECIPEGOESHERE134
MYDU,DUMMY135,Dummy Description (DMM) 135,RECIPEGOESHERE135
MYDU,DUMMY136,Dummy Description (DMM) 136,RECIPEGOESHERE136
MYDU,DUMMY137,Dummy Description (DMM) 137,RECIPEGOESHERE137
MYDU,DUMMY138,Dummy Description (DMM) 138,RECIPEGOESHERE138
MYDU,DUMMY139,Dummy Description (DMM) 139,RECIPEGOESHERE139
MYDU,DUMMY140,Dummy Description (DMM) 140,RECIPEGOESHERE140
MYDU,DUMMY141,Dummy Description (DMM) 141,RECIPEGOESHERE141
MYDU,DUMMY142,Dummy Description (DMM) 142,RECIPEGOESHERE142
MYDU,DUMMY143,Dummy Description (DMM) 143,RECIPEGOESHERE143
MYDU,DUMMY144,Dummy Description (DMM) 144,RECIPEGOESHERE144
MYDU,DUMMY145,Dummy Description (DMM) 145,RECIPEGOESHERE145
MYDU,DUMMY146,Dummy Description (DMM) 146,RECIPEGOESHERE146
MYDU,DUMMY147,Dummy Description (DMM) 147,RECIPEGOESHERE147
MYDU,DUMMY148,Dummy Description (DMM) 148,RECIPEGOESHERE148
MYDU,DUMMY149,Dummy Description (DMM) 149,RECIPEGOESHERE149
MYDU,DUMMY150,Dummy Description (DMM) 150,RECIPEGOESHERE150
MYDU,DUMMY151,Dummy Description (DMM) 151,RECIPEGOESHERE151
MYDU,DUMMY152,Dummy Description (DMM) 152,RECIPEGOESHERE152
MYDU,DUMMY153,Dummy Description (DMM) 153,RECIPEGOESHERE153
MYDU,DUMMY154,Dummy Description (DMM) 154,RECIPEGOESHERE154
MYDU,DUMMY155,Dummy Description (DMM) 155,RECIPEGOESHERE155
MYDU,DUMMY156,Dummy Description (DMM) 156,RECIPEGOESHERE156
MYDU,DUMMY157,Dummy Description (DMM) 157,RECIPEGOESHERE157
MYDU,DUMMY158,Dummy Description (DMM) 158,RECIPEGOESHERE158
MYDU,DUMMY159,Dummy Description (DMM) 159,RECIPEGOESHERE159
MYDU,DUMMY160,Dummy Description (DMM) 160,RECIPEGOESHERE160
MYDU,DUMMY161,Dummy Description (DMM) 161,RECIPEGOESHERE161
MYDU,DUMMY162,Dummy Description (DMM) 162,RECIPEGOESHERE162
MYDU,DUMMY163,Dummy Description (DMM) 163,RECIPEGOESHERE163
MYDU,DUMMY164,Dummy Description (DMM) 164,RECIPEGOESHERE164
MYDU,DUMMY165,Dummy Description (DMM) 165,RECIPEGOESHERE165
MYDU,DUMMY166,Dummy Description (DMM) 166,RECIPEGOESHERE166
MYDU,DUMMY167,Dummy Description (DMM) 167,RECIPEGOESHERE167
MYDU,DUMMY168,Dummy Description (DMM) 168,RECIPEGOESHERE168
MYDU,DUMMY169,Dummy Description (DMM) 169,RECIPEGOESHERE169
MYDU,DUMMY170,Dummy Description (DMM) 170,RECIPEGOESHERE170
MYDU,DUMMY171,Dummy Description (DMM) 171,RECIPEGOESHERE171
MYDU,DUMMY172,Dummy Description (DMM) 172,RECIPEGOESHERE172
MYDU,DUMMY173,Dummy Description (DMM) 173,RECIPEGOESHERE173
MYDU,DUMMY174,Dummy Description (DMM) 174,RECIPEGOESHERE174
MYDU,DUMMY175,Dummy Description (DMM) 175,RECIPEGOESHERE175
MYDU,DUMMY176,Dummy Description (DMM) 176,RECIPEGOESHERE176
MYDU,DUMMY177,Dummy Description (DMM) 177,RECIPEGOESHERE177
MYDU,DUMMY178,Dummy Description (DMM) 178,RECIPEGOESHERE178
MYDU,DUMMY179,Dummy Description (DMM) 179,RECIPEGOESHERE179
MYDU,DUMMY180,Dummy Description (DMM) 180,RECIPEGOESHERE180
MYDU,DUMMY181,Dummy Description (DMM) 181,RECIPEGOESHERE181
MYDU,DUMMY182,Dummy Description (DMM) 182,RECIPEGOESHERE182
MYDU,DUMMY183,Dummy Description (DMM) 183,RECIPEGOESHERE183
MYDU,DUMMY184,Dummy Description (DMM) 184,RECIPEGOESHERE184
MYDU,DUMMY185,Dummy Description (DMM) 185,RECIPEGOESHERE185
MYDU,DUMMY186,Dummy Description (DMM) 186,RECIPEGOESHERE186
MYDU,DUMMY187,Dummy Description (DMM) 187,RECIPEGOESHERE187
MYDU,DUMMY188,Dummy Description (DMM) 188,RECIPEGOESHERE188
MYDU,DUMMY189,Dummy Description (DMM) 189,RECIPEGOESHERE189
MYDU,DUMMY190,Dummy Description (DMM) 190,RECIPEGOESHERE190
MYDU,DUMMY191,Dummy Description (DMM) 191,RECIPEGOESHERE191
MYDU,DUMMY192,Dummy Description (DMM) 192,RECIPEGOESHERE192
MYDU,DUMMY193,Dummy Description (DMM) 193,RECIPEGOESHERE193
MYDU,DUMMY194,Dummy Description (DMM) 194,RECIPEGOESHERE194
MYDU,DUMMY195,Dummy Description (DMM) 195,RECIPEGOESHERE195
