CLASSID,CLASSNAME
0,classname0
0,classname0
1,classname1
1,classname1
2,classname2
3,classname3
4,classname4
5,classname5
6,classname6
7,classname7
8,classname8
9,classname9
10,classname10
11,classname11
12,classname12
13,classname13
14,classname14
15,classname15
16,classname16
17,classname17
18,classname18
19,classname19
20,classname20
21,classname21
22,classname22
23,classname23
24,classname24
25,classname25
26,classname26
27,classname27
28,classname28
29,classname29
30,classname30
31,classname31
32,classname32
33,classname33
34,classname34
35,classname35
36,classname36
37,classname37
39,classname39
40,classname40
41,classname41
42,classname42
43,classname43
44,classname44
45,classname45
46,classname46
47,classname47
48,classname48
49,classname49
50,classname50
51,classname51
52,classname52
53,classname53
54,classname54
55,classname55
56,classname56
57,classname57
58,classname58
59,classname59
60,classname60
61,classname61
62,classname62
63,classname63
64,classname64
65,classname65
66,classname66
67,classname67
68,classname68
69,classname69
70,classname70
71,classname71
72,classname72
73,classname73
74,classname74
75,classname75
76,classname76
77,classname77
78,classname78
79,classname79
80,classname80
81,classname81
82,classname82
83,classname83
84,classname84
85,classname85
86,classname86
87,classname87
88,classname88
89,classname89
90,classname90
91,classname91
92,classname92
94,classname94
95,classname95
97,classname97
98,classname98
99,classname99
100,classname100
101,classname101
102,classname102
103,classname103
104,classname104
105,classname105
107,classname107
108,classname108
110,classname110
111,classname111
112,classname112
113,classname113
114,classname114
115,classname115
116,classname116
117,classname117
118,classname118
119,classname119
121,classname121
122,classname122
123,classname123
124,classname124
125,classname125
126,classname126
128,classname128
129,classname129
130,classname130
134,classname134
138,classname138
148,classname148
151,classname151
155,classname155
161,classname161
176,classname176
189,classname189
191,classname191
197,classname197
198,classname198
199,classname199
200,classname200
220,classname220
221,classname221
240,classname240
241,classname241
242,classname242
247,classname247
248,classname248
253,classname253
254,classname254
Cal_1,classnameCal_1
Cal_2,classnameCal_2
Cal_3,classnameCal_3
Cal_4,classnameCal_4
Cal_5,classnameCal_5
Cal_6,classnameCal_6
Cal_7,classnameCal_7
Cal_8,classnameCal_8
Cal_9,classnameCal_9
